term	polarity
يؤسف له	neg
يضر	neg
يؤخر	neg
يوم القيامة	neg
يهدد	neg
يعوق	neg
يخلط	neg
يبالغ	neg
يؤذي	neg
تشعر بتأنيب الضمير	neg
يهوي	neg
يدين	neg
يعادي	neg
جفاف	neg
محا	neg
قانط	neg
مجفف	neg
قوض	neg
يقوض	neg
يضعف	neg
أوهام	neg
نقد	neg
جمد	neg
تورط	neg
ورط	neg
ينخدع	neg
بذيء	neg
وقح	neg
جاهل	neg
وعظ	neg
المطبات	neg
متخبط	neg
المنخفضات	neg
وضع حرج	neg
نفى من غير محاكمة	neg
انتهت	neg
موصوم	neg
الغيبة	neg
متوسط	neg
رجس	neg
قذر	neg
وسخ	neg
قذارة	neg
نجاسة	neg
وزن زائد	neg
الحكة	neg
حكة	neg
وخز الضمير	neg
متوحد	neg
عدوانية	neg
غريب	neg
تعوزه الحيوية	neg
ملتف	neg
رادع	neg
فضفاض	neg
هيجان	neg
طفح جلدي	neg
هياج	neg
النزوات	neg
بالهلوسة	neg
هلوسة	neg
بالفزع	neg
يتساقط	neg
غير كاف	neg
شاحب	neg
الساخرة	neg
رعشة	neg
طحن	neg
القمامة	neg
هراء	neg
هذيان	neg
هذياني	neg
أزيز	neg
خرب	neg
تقويض	neg
تنهار	neg
المدمر	neg
مخرب	neg
الهجومية	neg
اقتحامي	neg
هاجم	neg
الشتائم	neg
حقر	neg
الخاسرون	neg
الأستحواذ	neg
رخيص	neg
سبات	neg
رسوم	neg
مرثاة	neg
لهاث	neg
أخيرة	neg
الشائعات	neg
إشاعة	neg
ثرثار	neg
رث	neg
نكص	neg
الوخز	neg
وخز	neg
متقلب المزاج	neg
سوء المزاج	neg
أضحوكة	neg
حقد	neg
تناقص	neg
انتقص	neg
النقد الذاتي	neg
يكره	neg
الأشمئزاز	neg
مخلفات	neg
نفايات	neg
لعين	neg
فاشية	neg
تتضاءل	neg
تعصب	neg
كدح	neg
محتال	neg
جفف	neg
نسيان	neg
نزيف	neg
هبوط	neg
السم	neg
نزع السلاح	neg
عداوة	neg
نزاع	neg
نرجسية	neg
ندوب	neg
الملوثين	neg
نتوء	neg
نتن	neg
كريه الرائحة	neg
الخفقان	neg
غير مكتمل	neg
غير كامل	neg
السلبيات	neg
سلبي	neg
سلبية	neg
حارق	neg
نادم	neg
نكتة	neg
على نحو مخالف للعادة	neg
نادر	neg
غير مألوف	neg
حد غير عادي	neg
الانتهازية	neg
تأنيبي	neg
مؤنبا	neg
المغطي	neg
مضر	neg
بشكل ضار	neg
بشكل مؤلم	neg
تمحك	neg
التحدي	neg
مذل	neg
مهينة	neg
هوسي	neg
مدمر	neg
طاحنة	neg
مهزلة	neg
مربى	neg
متوعد	neg
العدواني	neg
لا يقهر	neg
المنهكة	neg
مشقوق	neg
مجزأة	neg
تضخمي	neg
المبعدة	neg
معزول	neg
أعاق	neg
عرقلت	neg
يعيق	neg
ردع	neg
نذير	neg
معوج	neg
منحرفين	neg
جانح	neg
متورم	neg
منفرجة	neg
محتضر	neg
مشحون	neg
المملون	neg
قرح	neg
مسام	neg
على نحو بغيض	neg
متمزق	neg
عدم رغبة	neg
التسويف	neg
شائك	neg
الموبوءة	neg
ملعون	neg
غير تقي	neg
ملحف	neg
مفزع	neg
متعرج	neg
محرق	neg
التهابي	neg
مواجهة	neg
الملاجيء	neg
خدعة	neg
مؤامرة	neg
متآمر	neg
مكروب	neg
مقلي	neg
مقطرة	neg
مقشر	neg
منفرا	neg
الشجار	neg
تعنت	neg
معسر	neg
معد	neg
مفرط	neg
زائد	neg
جدل	neg
مغتاب	neg
جارح	neg
مفترس	neg
فجأة	neg
ساذج	neg
مغص	neg
المتكبرة	neg
بشكل متعجرف	neg
فرط في الإعجاب بنفسه	neg
متعجرف	neg
مغبر	neg
المغالطات	neg
شائن	neg
معيب	neg
عوز	neg
معوز	neg
غير سوية	neg
معلومات خاطئة	neg
متدلى	neg
مكسور	neg
فقراء المعدمين	neg
مساوئ	neg
ضائقة	neg
للضيق	neg
سوء المعاملة	neg
مدمن	neg
المدمن	neg
معاق	neg
معاقبة	neg
مشلول	neg
معاد	neg
اربا	neg
معارضة	neg
المعارضات	neg
الاعتراضات	neg
عدائي	neg
المحاصرين	neg
غث	neg
خاسر	neg
خادع	neg
خفاش	neg
مثير للضحك	neg
مضحكة	neg
ضايق	neg
مضايقة	neg
مصيري	neg
مصيرية	neg
محنة	neg
مقطر	neg
مصادرة	neg
العصابي	neg
محموم	neg
مشؤوم	neg
مشوهة	neg
منفوخ	neg
معطوب	neg
الدجال	neg
مشروعية	neg
مسنن	neg
المشردين	neg
دهني	neg
موسوس	neg
مشاكل	neg
يتدخل	neg
مماحكة	neg
جدال	neg
مشاحنة	neg
مهزار	neg
مطول	neg
مسروق	neg
مصاب بداء الكلب	neg
مبذر	neg
مهروس	neg
ساخر	neg
ساخرا	neg
غير مسؤول	neg
المستقرة	neg
متسول	neg
متستر	neg
مخفف	neg
طاغية	neg
مسبل	neg
قضايا	neg
قضية	neg
موضوع	neg
منمق	neg
مزمن	neg
مربك	neg
مقلق	neg
مغيظ	neg
مشدد	neg
محتقر	neg
محتقن	neg
نوبة غضب	neg
الأكثر رعبا	neg
عليل	neg
غير صحي	neg
معتل	neg
مرهوب	neg
منهك	neg
غير مقبول	neg
خائفة	neg
ضنى	neg
توعك	neg
المحموم	neg
متزعزع	neg
المارقة	neg
مرائي	neg
مراوغ	neg
مراقبة	neg
سيل	neg
مرارة	neg
ذهول	neg
متحير	neg
مذهول	neg
متهما	neg
مذموم	neg
مجزرة	neg
مذهل	neg
غير البناء	neg
الفقيرة	neg
محروم	neg
متعمد	neg
محرض على	neg
متملق	neg
مقاومة	neg
مفجع	neg
المفزع	neg
المخفض	neg
مخصي	neg
مخز	neg
مخزية	neg
بطريقة مخزية	neg
متناقض	neg
انتهاك	neg
الخارق للقانون	neg
المخالف	neg
غير منطقي	neg
خطورة	neg
المخادعون	neg
مخادع	neg
كربي	neg
محمومة	neg
محفوف بالمخاطر	neg
ممنوع	neg
غير شرعي	neg
بشكل مثير للشفقة	neg
مثير للشفقة	neg
مقيد	neg
لا مفر منه	neg
مزدر	neg
محتشم	neg
مستعرة	neg
الأكثر فقرا	neg
المثبطة	neg
محبط	neg
مستحيل	neg
حصار	neg
المحاصر	neg
غير محددة	neg
مسعور	neg
المخبول	neg
مجمع	neg
معقد	neg
معرق	neg
المذابح	neg
داحس	neg
سفاح	neg
عديم الضمير	neg
غير مؤهل	neg
الموت جوعا	neg
مغامرة	neg
متنازع فيه	neg
استفزازي	neg
غوغائي	neg
مهددا	neg
بربري	neg
متواني	neg
ثقيل	neg
متهور	neg
مندفع	neg
متنافر	neg
غير لائق	neg
متمرد	neg
متعكز	neg
المتكررة	neg
متغطرس	neg
غير مستقر	neg
غير مستقرة	neg
متقلب	neg
ذو وجهين	neg
مفكك	neg
متفرقات	neg
متقطع	neg
المشتعلة	neg
فاسد	neg
الغائب	neg
غير متواضع	neg
المتعصبين	neg
متعصب	neg
متعذر إصلاحه	neg
لا يمكن تميزه	neg
لا يصفح عنه	neg
متعذر تحديده	neg
المتعة	neg
مضجر	neg
مزعج	neg
مرهقة	neg
بشكل متناقض	neg
متضارب	neg
مدعي التهذيب	neg
متشرد	neg
المتشرد	neg
متورط	neg
طفيلي	neg
متأخر	neg
منبوذ	neg
شخص منبوذ	neg
منبوذة	neg
مترددة	neg
غير حاسم	neg
مترجرج	neg
متذمر	neg
دنس	neg
فاجر	neg
متطفل	neg
آيل للسقوط	neg
ضجر	neg
خيب	neg
من طرف واحد	neg
متحذلق	neg
رجعي	neg
متحيز	neg
متجهم	neg
خانق	neg
خانقة	neg
متجعد	neg
غير حساس	neg
متبجح	neg
معذب	neg
نادم جدا	neg
مهلك	neg
مبهرج	neg
تفوح منه رائحة العرق	neg
مبلغ زهيد	neg
ملطخ	neg
كارهي	neg
المنكوبة	neg
التهويل	neg
مبالغ فيها	neg
اكتراث	neg
بريك	neg
فاجع	neg
مأزق	neg
صدي	neg
كدر	neg
حادة	neg
مآسي	neg
عابث	neg
خليع	neg
تنقضي	neg
احتضر	neg
منتفخ	neg
ساقطا	neg
تقريع	neg
تأنيب	neg
أخطأ باللفظ	neg
عبث	neg
العبث	neg
صفعة	neg
لدغة	neg
حدود	neg
محدود	neg
وصم	neg
تابع	neg
لا يوصف	neg
لا يلين	neg
لا يقارن	neg
غير وارد	neg
عديم الرحمة	neg
لا يطاق	neg
لا يصدق	neg
فوضوية	neg
عدم إكتراث	neg
غير مبرر	neg
لا إرادي	neg
لا إرادية	neg
لا مبرر له	neg
اللااحتمالية	neg
متشائم	neg
كئيب	neg
خبيث	neg
تآمري	neg
الأكشاك	neg
كشك	neg
كهف	neg
كليشية	neg
تماما	neg
مواجهة حاسمة	neg
بليد	neg
كسول	neg
نوامي	neg
البطالة	neg
إهمال	neg
مشمئز	neg
يضايق	neg
غير جذاب	neg
مقيتة	neg
كرها	neg
أبغض	neg
كراهية	neg
الاحقاد	neg
اختلق	neg
افترى	neg
زيف	neg
كذوب	neg
مزور	neg
رضوض	neg
مما ازعج	neg
سكير	neg
مبالغ فيه	neg
كتوم	neg
ساحق	neg
بغطرسة	neg
غطرسة	neg
قمعي	neg
كآبة	neg
إجمالي	neg
جاحد	neg
كافر	neg
وثني	neg
كاره	neg
المأساوية	neg
كارثية	neg
الكارثية	neg
جائحة	neg
كارثة	neg
كارثي	neg
الكوارث	neg
متصنع	neg
المضللة	neg
مضلل	neg
تقيؤ	neg
قيء	neg
قاس	neg
أذعن	neg
القواد	neg
القوادة	neg
القوادون	neg
سلب	neg
قهر	neg
قمع	neg
اليأس	neg
بيأس	neg
يأس	neg
قنبلة	neg
الأخاديد	neg
مزراب	neg
الكبح	neg
قمامة	neg
الأوساخ	neg
صموت	neg
نافذ الصبر	neg
غير حاذق	neg
ينتقص	neg
بعصبية	neg
عصبي	neg
القلق	neg
ضيق الصدر	neg
منزعج	neg
ندرة	neg
بشكل سطحي	neg
انقلابات	neg
قلب	neg
مقلاة	neg
خالية	neg
بتر	neg
قاطع بالكلام	neg
وخزة	neg
يموت	neg
قصير الأجل	neg
مقتضب	neg
قصير النظر	neg
قضيب	neg
خردة	neg
تقشر	neg
مقطع	neg
قسري	neg
قساوة	neg
عدم الرحمة	neg
تصلب	neg
صرير	neg
اشمئزاز	neg
تقزز	neg
قرف	neg
الديون	neg
فاسدا	neg
قديمة	neg
عتيق	neg
التشظي	neg
ضحى	neg
ذبح	neg
اغتيال	neg
قتال	neg
مميت	neg
فظيع	neg
بشكل مقرف	neg
قبل الأوان	neg
قباقيب	neg
قبقاب	neg
مسخ	neg
بتعصب	neg
يائس	neg
غور	neg
قاطعه	neg
لا رجعة فيه	neg
لصوص	neg
ينفر	neg
غير هام	neg
القاتل	neg
تقيأ	neg
فيروس	neg
تفجر	neg
فورة	neg
الاضمحلال	neg
فكك	neg
مغالطة	neg
سوء فهم	neg
تفككت	neg
فقير	neg
بائس	neg
محتاج	neg
معدم	neg
مفلس	neg
الثكل	neg
ثكل	neg
فقد توازنه	neg
تثاءب	neg
عمل بغيض	neg
مخيف	neg
بشكل مرعب	neg
مرعب	neg
بطريقة غير مؤدبة	neg
فضولي	neg
سم	neg
شر	neg
أخزى	neg
زمرة	neg
تمييز	neg
شل	neg
فشل	neg
العجز	neg
قصور	neg
رشوة	neg
عفن	neg
هلع	neg
يروع	neg
خيال	neg
فراغ	neg
يفر	neg
فرار جماعي	neg
مفاجئ	neg
الآفات	neg
بري	neg
ساوم	neg
ميؤوس	neg
المشهر	neg
فاضحة	neg
فاشي	neg
غير بارع	neg
غير أخلاقي	neg
لا اخلاقي	neg
المنحرفة	neg
منحرف	neg
لا معنى له	neg
مقفر	neg
هارب	neg
مأساة	neg
مريب	neg
حسدا	neg
غير ودي	neg
غير منتظم	neg
غير كفؤ	neg
غير جدير بالثقة	neg
غير مؤكدة	neg
سلبيات	neg
غير مرغوب فيه	neg
غير مؤات	neg
غير مهم	neg
غير مؤدب	neg
غير محتشمة	neg
ممزق	neg
اللا عقلانيون	neg
اللاعقلانية	neg
لاعقلانية	neg
الظالمين	neg
متعارض	neg
غير متناسقة	neg
غير مريح	neg
في غير محله	neg
غير مبال	neg
مرفوض	neg
غير عقلاني	neg
غير مطيع	neg
غير مضياف	neg
مشوشا	neg
غير آمن	neg
غير مستعد	neg
غير مستحق	neg
غير محدد	neg
غير قابل للتصديق	neg
عاجز	neg
غير ناجح	neg
غير محتمل	neg
غير متوقع	neg
بصورة غير محتملة	neg
غير متحضر	neg
متخلف	neg
غير منتج	neg
متفكك	neg
غير مترابط	neg
غير منسجم	neg
غير متكافئ	neg
غير مكترثة	neg
غير مأمون	neg
غير متطابق	neg
غير فعالة	neg
عدم فعالية	neg
بصورة غير معقولة	neg
غير معقول	neg
غير عادي	neg
زائدة	neg
شىء غير محتشم	neg
غير محتشم	neg
غير دقيق	neg
بشكل غير قانوني	neg
غير مشروع	neg
غير سليم	neg
عدم الأمان	neg
غير مقنع	neg
غير أنيق	neg
لا أناقة به	neg
غير تقليدي	neg
غير إنساني	neg
يعرض للخطر	neg
مهلهل	neg
أغرى	neg
غمض	neg
الإغراق	neg
بشكل حزين	neg
بحزن	neg
غليان	neg
مخطئ	neg
السهو	neg
الغطرسة	neg
بكل وقاحة	neg
مغضب	neg
غضوب	neg
سخط	neg
حزن	neg
غيظ	neg
استاء	neg
غم	neg
هدد	neg
اغتاظ	neg
غضب	neg
تغضب	neg
نفاذ صبر	neg
الحنق	neg
غير مخلص	neg
تضليل	neg
كثيف	neg
مضحك	neg
غير متعود	neg
نزوة	neg
نزوي	neg
غامضة	neg
عجيب	neg
لزج	neg
غرق	neg
قلة خبرة	neg
قليل التجربة	neg
خيانة	neg
الخيانات	neg
يخون	neg
دس	neg
غدار	neg
الهزال	neg
مغفل	neg
سر	neg
حماقة	neg
كسل	neg
غائم	neg
غائب	neg
غامض	neg
وحشي	neg
مغمور	neg
غير معروف	neg
غير مؤكد	neg
غير قابل للتفسير	neg
غير واضح	neg
الغريب	neg
غافل	neg
شارد	neg
شارد الذهن	neg
ساخط	neg
غاضب	neg
غارق	neg
غرقت	neg
غاشم	neg
لامفصلي	neg
عتاب	neg
خلل	neg
لا يرحم	neg
العنصرية	neg
عنصرية	neg
قرب حدوث	neg
بوحشية	neg
ملوث	neg
عقوبة	neg
عقبة	neg
عفوي	neg
من غير تكلف	neg
رائحة نتنة	neg
أبخرة	neg
خيالي	neg
رثاء	neg
خان	neg
شديد	neg
دخان	neg
عطش	neg
الكلبة	neg
عصيان	neg
تمرد	neg
متوتر	neg
عشوائيا	neg
عنيد	neg
العزلة	neg
عزلة	neg
العانس	neg
العنصريين	neg
غير جوهري	neg
عرضي	neg
خطر	neg
عرض	neg
آلم	neg
التعذيب	neg
تعذيب	neg
عديم القيمة	neg
عديم الفائدة	neg
قاسي الفؤاد	neg
متحجر	neg
التعدي	neg
الهرولة	neg
عدم حساسية	neg
عدم صحة	neg
عدم إنتظام	neg
عدم الدقة	neg
اضطراب	neg
بعدم كفاءة	neg
عدم الكفاءة	neg
خلاف	neg
بحسد	neg
إمراة عجوز	neg
متهدم	neg
تعثر	neg
يتعثر	neg
عبودية	neg
تجهم	neg
ممل	neg
عبد	neg
خادم	neg
فوضوي	neg
عبء	neg
النكسات	neg
نكسة	neg
عاهرة	neg
إعاقة	neg
خاشن	neg
فخور	neg
مترفع	neg
قاحل	neg
يعاقب	neg
ناكر للجميل	neg
صاخب	neg
صاخبة	neg
صعب المراس	neg
فضائح	neg
الخجل	neg
سلوك شرير	neg
العيوب	neg
عيوب	neg
عوادم	neg
متسرع	neg
غير قادر	neg
وهم	neg
الأوهام	neg
ظلما	neg
جريمة	neg
اغتصاب	neg
موحل	neg
تهور	neg
بنزق	neg
نزق	neg
تجاوز	neg
حاصر	neg
يطمس	neg
سكين	neg
أناني	neg
التمس	neg
طفولي	neg
توقف تام	neg
جفل	neg
صدت	neg
الهيمنة	neg
طائش	neg
دائخ	neg
طاعون	neg
وباء	neg
أضيق	neg
مشدود	neg
زحام	neg
أزمة	neg
ضمور	neg
باطل	neg
الانحراف	neg
غبي	neg
مخفي	neg
خافت	neg
هزيل	neg
ضعيف	neg
عدم ملائمة	neg
أضعف	neg
عقدة النقص	neg
ضرر	neg
الأذى	neg
أذى	neg
ضربة	neg
طعنة	neg
ضراوة	neg
معاكس	neg
سطحي	neg
سطحية	neg
الضجيج	neg
إثارة	neg
ضبابية	neg
ضبابي	neg
اضطهد	neg
شاذ	neg
غير نافع	neg
أعمى	neg
صرخة	neg
الصرير	neg
غير مسموع	neg
زمجر	neg
ضجيج	neg
بالغ القسوة	neg
صرامة	neg
صقيع	neg
الضربات	neg
لكمة	neg
معضلة	neg
مشكلة	neg
صعق	neg
صدمة	neg
النضال	neg
التضارب	neg
صراع	neg
اصدم	neg
صدم	neg
الصداع	neg
أوجاع الرأس	neg
صخاب	neg
صخب	neg
الضوضاء	neg
صحراء	neg
غير ناضج	neg
فظ	neg
حمى	neg
صارم	neg
المتشدد	neg
المتشددين	neg
متشدد	neg
صارخ	neg
بشكل حاد	neg
المضطرب	neg
صرخ	neg
جهنمي	neg
تافهة	neg
شوه	neg
استبدادية	neg
يشل	neg
شكاك	neg
تشككا	neg
المشاحنات	neg
تعاسة	neg
الشقوق	neg
شقوق	neg
تسد	neg
تلاعب	neg
مشاعل	neg
المنشقين	neg
منشق	neg
شرير	neg
مؤذ	neg
شيطاني	neg
مقرف	neg
توريط	neg
كمين	neg
مشاكس	neg
ذهل	neg
بحدة	neg
عناد	neg
الروائح	neg
جلد	neg
عنيف	neg
نرفز	neg
خوف	neg
جزع	neg
الحزن	neg
شخص متهور	neg
حزين	neg
الجرأة	neg
عاطل عن العمل	neg
مشاكسة	neg
يقذف	neg
عاهر	neg
سراب	neg
معيبة	neg
سيئ السمعة	neg
مخجل	neg
مخجله	neg
مستهجن	neg
جعدة	neg
الخلل	neg
قبح	neg
الانتقادات	neg
ننتقد	neg
على نحو ساحق	neg
مرتاب	neg
متردد	neg
متعب	neg
صعب	neg
غال	neg
باهظ	neg
كبر	neg
باهتة	neg
محزن	neg
سيئة	neg
قبيح	neg
بسرعة	neg
طوفان	neg
سيطرة	neg
عشيقة	neg
انحباس	neg
مبتذل	neg
قدح	neg
الشرور	neg
سوء الفهم	neg
وضع معقد	neg
سوء سلوك	neg
بشراسة	neg
عاصف	neg
إغفال	neg
خطاء	neg
بغفلة	neg
رائحة	neg
منقاد	neg
ابتزاز	neg
نزاهة	neg
مخمور	neg
ثمل المتابعة	neg
مريض	neg
سقيم	neg
اشباع	neg
مرض	neg
سقم	neg
هوت	neg
سقط	neg
تداعى	neg
الحروق	neg
صفاقة	neg
وقاحة	neg
خسة	neg
ضحل	neg
طيش	neg
سرطاني	neg
سرطان	neg
الخفايا	neg
عبثا	neg
هزلي	neg
هزأ	neg
غمز	neg
سحيق	neg
سحب	neg
تغيم	neg
يلعن	neg
الملل	neg
مهمل	neg
ويل	neg
طويل	neg
ملل	neg
فاضح	neg
شخص ساذج	neg
ممتعض	neg
تهكمي	neg
الساحق	neg
غدرا	neg
البرد	neg
سريع الغضب	neg
مات	neg
أخطاء	neg
خطأ	neg
زعزع	neg
مكان قذر	neg
مزدحم	neg
زحف	neg
حثالة المجتمع	neg
مزيف	neg
الكذاب	neg
كذابين	neg
صابوني	neg
زاحف	neg
الرهيبة	neg
رهاب	neg
ممانعة	neg
رفض	neg
قذف	neg
اتهام	neg
ينفث	neg
ملصق	neg
بثرة	neg
غموض	neg
خطير	neg
رعب	neg
رطانة	neg
كدمة	neg
ميت	neg
شاق	neg
شاقة	neg
ينقط	neg
رذيلة	neg
غش	neg
زائف	neg
مغشوش	neg
حقير	neg
هش	neg
رثى	neg
ظن	neg
فظاعة	neg
الفظاعه	neg
رافض	neg
طامع	neg
غبار	neg
راءى	neg
خجول	neg
غيبوبة	neg
زوال	neg
دبر	neg
لوم	neg
تشهير	neg
فحش	neg
العاجز	neg
متذلل	neg
كيس	neg
ضار	neg
الإرهاب	neg
إرهاب	neg
الأعذار	neg
ذبول	neg
ذبل	neg
جزار	neg
منتشر	neg
ذاهل	neg
دوخ	neg
مصاب	neg
مناور	neg
وغد	neg
دنيوي	neg
نجس	neg
الدمى	neg
دمية	neg
تمثال	neg
دموي	neg
بشع	neg
بشاعة	neg
سخن	neg
دعوة للمحكمة	neg
لحوح	neg
دخيلة	neg
تسلل	neg
دخان كثيف	neg
المتلاعبة	neg
المتلاعبين	neg
يخيب	neg
غير عملي	neg
غير ممكن	neg
شبح	neg
الذعر	neg
بالذعر	neg
أرعب	neg
خواء	neg
خضوع	neg
خنوع	neg
خنق	neg
اختنق	neg
الخنازير	neg
خنزير	neg
شبق	neg
شغل البال	neg
خلع	neg
فسق	neg
خلسة	neg
شجار	neg
خلاعة	neg
مجون	neg
وحش	neg
تخفف	neg
أبطأ	neg
تباطأ	neg
إثم	neg
هفوات	neg
الخطورة	neg
المخاطر	neg
سام	neg
عدم دقة	neg
الأخطاء	neg
أخطأ في القراءة	neg
عادي	neg
خصى	neg
مشادة	neg
أعداء	neg
مزاج	neg
الخلافات	neg
خلافي	neg
فقر	neg
خشن	neg
مشخبط	neg
قرقرة	neg
مهين	neg
فضيحة	neg
البلهاء	neg
بجبن	neg
تأسف	neg
يأسف	neg
يدمر	neg
خراب	neg
دمار	neg
خسائر	neg
حيلة	neg
راوغ	neg
قرصة	neg
مكر	neg
دهاء	neg
التضليل	neg
مراوغة	neg
الاحتيال	neg
احتيال	neg
مخادعة	neg
الحيل	neg
طبع في الذهن	neg
خائن	neg
ضلالي	neg
حزانى	neg
خائف	neg
مذعور	neg
الفزاعة	neg
غير ملائم	neg
ذل	neg
خدع	neg
غير فعال	neg
هادئ	neg
عارض	neg
عار	neg
خرق القانون	neg
مس	neg
مكبوح	neg
حذر	neg
احترس	neg
زعق	neg
ذعر	neg
غير مناسب	neg
غير صحيح	neg
عرض للخطر	neg
المهضوم حقه	neg
فاتر	neg
كسلان	neg
عاقب	neg
محارب	neg
ماسة	neg
ارتباك	neg
يحير	neg
أفحم	neg
خجل	neg
الحمى	neg
الخرقاء	neg
غباء	neg
بتفاهه	neg
تفاهة	neg
البله	neg
سخافة	neg
كابوس	neg
جامد	neg
محاكمة	neg
حكم غير عادل	neg
ذميم	neg
تافه	neg
خبث	neg
العداء	neg
عداء	neg
ضغينة	neg
كرهه	neg
قبضة	neg
أطلال	neg
استحواذي	neg
حصانة	neg
التدافع	neg
غيور	neg
غيرة	neg
زعم	neg
مؤسف	neg
حدادي	neg
مكتئب	neg
ابتلى	neg
الحسرة	neg
الكآبة	neg
كرب	neg
أسف	neg
لاذع	neg
محرم	neg
حرمان	neg
حظر	neg
أدنى منزلة	neg
جشع	neg
طمع	neg
مستاء	neg
حربي	neg
قزم	neg
حملق بسخط	neg
صخري	neg
منع	neg
حجب	neg
تحريض	neg
لا فكاك منه	neg
تقييدي	neg
مرير	neg
سجن	neg
أنانية	neg
دكتاتور	neg
دكتاتوري	neg
حاقد	neg
حسود	neg
السجن	neg
حامض	neg
بشكل صارخ	neg
الحواجز	neg
حاجز مشبك	neg
عائق	neg
غاب	neg
الظلم	neg
هول	neg
المشاق	neg
الجحيم	neg
إنكار	neg
الجنون	neg
جنائي	neg
محبب	neg
حشد	neg
تجمد	neg
غليظة القلب	neg
قاسية	neg
حشرجة الموت	neg
زوبعة	neg
جاف	neg
كشكش	neg
بخشونة	neg
رادعة	neg
الجرائم	neg
جريء	neg
خطيئة	neg
خدش	neg
الخدوش	neg
يجرجر	neg
الأصولية	neg
المتطرفين	neg
متطرف	neg
كفر	neg
جهل	neg
عقوق	neg
نكران الجميل	neg
كبت	neg
جبني	neg
مجوع	neg
مضطرب	neg
هائج	neg
ظالم	neg
جائر	neg
متعسف	neg
غير عادل	neg
غير منصف	neg
غير مدرك	neg
غير حكيم	neg
غير مهذب	neg
العدو	neg
بلا حركة	neg
مبالغا فيه	neg
مجرفة	neg
الناكر	neg
سكران	neg
ثمل	neg
الثغرات	neg
نخس	neg
بؤر	neg
ثرثر	neg
ثرثرة	neg
الثرثار	neg
منتقم	neg
هامشي	neg
تهيج	neg
انتقم	neg
انتقام	neg
كلاب	neg
رزين	neg
راكد	neg
شجاع	neg
جاع	neg
اختيال	neg
وهن	neg
توفي	neg
وعر	neg
وضيع	neg
الورم	neg
تجنب	neg
حرج	neg
انحرف	neg
تواطؤ	neg
بسخط	neg
قلة أدب	neg
بجنون	neg
بكى	neg
الاتهامات	neg
تهكم	neg
تخريبي	neg
تهديد	neg
التهديد	neg
التهديدات	neg
يتحلل	neg
تدمر	neg
سخرية	neg
سخر	neg
منكر	neg
نفي	neg
التنصت	neg
تحذير	neg
تعارض	neg
تناقض	neg
تضارب	neg
تنازل	neg
التنازل	neg
قاتل	neg
تمييزي	neg
تململ	neg
مقت	neg
التمزق	neg
مجن	neg
همهمة	neg
تأتأة	neg
همهم	neg
تحايل	neg
ماكر	neg
رتابة	neg
تلطخ	neg
تلوث	neg
لوث	neg
التلوث	neg
لهى	neg
تملق	neg
خبل	neg
تطعيم	neg
تلفيق	neg
بربر	neg
خسارة	neg
لعن	neg
صنع	neg
بتصنع	neg
لبس	neg
كسر	neg
صلب	neg
تردد	neg
تحير	neg
التناقضات	neg
يتكوم	neg
كاذب	neg
غلط	neg
مرضي	neg
إنقاص	neg
صورة زائفة	neg
نقب	neg
الانكماش	neg
الانقسام	neg
أصاب بالغثيان	neg
قديم	neg
حساب خاطئ	neg
شنيع	neg
توانى	neg
تفكك	neg
تخويف	neg
تشتيت	neg
إراقة	neg
عدم المساواة	neg
تنافس	neg
كشط	neg
تسابق	neg
تبعثر	neg
تفتت	neg
يختلف	neg
تفاقم	neg
فاقم	neg
غني	neg
لحف	neg
تعيس	neg
التلقين	neg
علق	neg
تعفن	neg
الانهيار	neg
التحيزات	neg
تحيز	neg
الصعوبات	neg
منحوس	neg
الشقي	neg
تلعثم	neg
غضن	neg
عجز	neg
مرهق	neg
صر	neg
الظلال	neg
تطرف	neg
فقد	neg
فقدان	neg
قلق	neg
يجمد	neg
مقولب	neg
تشويه	neg
التشويهات	neg
تحريف	neg
تشويه السمعة	neg
عدم الثقة	neg
شوهت	neg
الافتراء	neg
الافتراءات	neg
بشكل إفترائي	neg
التشنج	neg
نوبة ضحك	neg
تحد	neg
تحدي	neg
تشاؤم	neg
تشابك	neg
مماطلة	neg
المماطلة	neg
استسلام	neg
التسريبات	neg
تسرب	neg
تسريب	neg
سلق	neg
التسرب	neg
دلل	neg
تنسك	neg
التشدد	neg
عدم إستقرار	neg
ترهل	neg
تقطر	neg
تجميد	neg
تحجرت	neg
رتيب	neg
ثأر	neg
تراخ	neg
تراخى	neg
مأساوي	neg
مأساويا	neg
الى الوراء	neg
انتكاس	neg
ركود	neg
تذمر	neg
اشتكى	neg
شكوى	neg
يشكو	neg
تذلل	neg
يتذلل	neg
ذبذب	neg
إفساد	neg
تلويث	neg
تدلى	neg
تدخل	neg
تتخلف	neg
تملص	neg
خفي	neg
تخفيض	neg
الانخفاض	neg
خزي	neg
تخريب	neg
التخريبية	neg
تنافر	neg
تشاحن	neg
احتال	neg
سال لعابه	neg
الاستبدادية	neg
تحطم	neg
تحطمها	neg
تنهد	neg
تحريمي	neg
سجي	neg
سجين	neg
الضرب	neg
نبض	neg
نبضت	neg
احتراق	neg
الانذارات	neg
حصر	neg
بتحد	neg
تحجر	neg
فيه خطورة	neg
انحياز	neg
تصارع	neg
تهرب	neg
تجعد	neg
تقسيم	neg
اجتاحت	neg
باهمال	neg
استخفافا	neg
لا مبالاة	neg
الاحباط	neg
تتحلل	neg
تتكبر	neg
تمتص	neg
تبلد	neg
مقيت	neg
تشوه	neg
التبسيط	neg
تبسيط	neg
سئم	neg
تماوج	neg
تبذير	neg
ميل	neg
تبختر	neg
تبجحا	neg
تآمر	neg
التآكلات	neg
الصدأ	neg
تآكل	neg
صدأ	neg
تبكيت الضمير	neg
عقابي	neg
التأخير	neg
تأخير	neg
تأخر	neg
تخلفت	neg
ضائع	neg
تجبر	neg
توبيخ	neg
لا قيمة له	neg
ضئيل	neg
شقي	neg
ضعاف	neg
تثبيط	neg
بطيء	neg
سحر	neg
ندم	neg
تفاوت	neg
بوقاحة	neg
على نحو قاس	neg
بهيمي	neg
مظلم	neg
حير	neg
حيرة	neg
مهرج	neg
لعنة	neg
هرج	neg
كذاب	neg
مخدر	neg
بخبث	neg
بعنف	neg
على مضض	neg
الكسل	neg
تخدير	neg
بلا هوادة	neg
انتحب	neg
ندب	neg
بعناد	neg
عذر	neg
وبخ	neg
أنين	neg
الأنين	neg
لطخة	neg
اللطخات	neg
وصمة	neg
البقع	neg
بقع	neg
بقايا	neg
بصورة مروعة	neg
كريه	neg
بغيض	neg
الذميمة	neg
ممقوت	neg
بغي	neg
عدوان	neg
كالبغل	neg
بشكل غريب	neg
بحماقة	neg
فجور	neg
خاطئ	neg
بمرارة	neg
بغضب	neg
بحذر	neg
بدقة	neg
عزل	neg
محق	neg
بطريقة غريبة	neg
التخلف	neg
بهزل	neg
ببطء	neg
بصعوبة	neg
بغرابة	neg
مشوه	neg
الفظاعة	neg
عابس	neg
بسخافة	neg
جرح	neg
وميض	neg
مستنقع	neg
عشب	neg
بارد	neg
مص	neg
مصيبة	neg
وحشية	neg
بربرية	neg
همجي	neg
هذرم	neg
غائط	neg
وقحة	neg
بذاءة	neg
ساكن	neg
بلا خجل	neg
بدعة	neg
عجل	neg
شحيح	neg
نكد	neg
بخيل	neg
بقلق	neg
بفظاظة	neg
ناقص	neg
بحياء	neg
بخوف	neg
غرور	neg
مغرور	neg
بغيرة	neg
افتقد	neg
بتشاؤم	neg
بتهور	neg
على نحو بائس	neg
للأسف	neg
باهظة	neg
باندفاع	neg
غالى في	neg
لا محالة	neg
عن طريق الخطأ	neg
المهترئ	neg
عاص	neg
فاحش	neg
معتد	neg
الضلال	neg
أكذوبة	neg
قارس	neg
متكبر	neg
الكره	neg
تعمية	neg
مؤجل	neg
عقائدي	neg
أضعفت	neg
ضلل	neg
بدائي	neg
السخرية	neg
بسخرية	neg
السخريات	neg
معتد بنفسه	neg
حطام	neg
الأوغاد	neg
مصلحة شخصية	neg
إشكالية	neg
مؤلم	neg
معاناة	neg
آلام	neg
عذاب	neg
وجع	neg
يبطل	neg
ألعوبة	neg
أغرب	neg
أربك	neg
أعرج	neg
أفعى سامة	neg
أحبط	neg
يحبط	neg
التطرف	neg
طغت	neg
سمم	neg
أفقر	neg
أصم	neg
يشوه	neg
يفقد	neg
قتامة	neg
الأسوأ	neg
أسوأ	neg
يؤرق	neg
شفقة	neg
الوهمية	neg
خرافي	neg
خرافة	neg
أساء التصرف	neg
يخطئ	neg
توتر	neg
مجاعة	neg
ازعجت	neg
أقلق	neg
أزاح	neg
الطائش	neg
أرهب	neg
ترعب	neg
أزعج	neg
الأضرار	neg
إساءة	neg
غمر	neg
غمرت	neg
كفن	neg
يحجب	neg
أخطأ	neg
أخطأ في الحكم	neg
أهان	neg
أخرق	neg
أحمق	neg
أغضب	neg
تعوزه الكفاءة	neg
معتوه	neg
غير المدروسة	neg
أبله	neg
الأبله	neg
أرعن	neg
سخيف	neg
أسخط	neg
لسع	neg
لذع	neg
متاعب	neg
أجهض	neg
أجوف	neg
عقيم	neg
أجش	neg
بأنانية	neg
أذناب	neg
أبلى	neg
أخرس	neg
يمقت	neg
يفسد	neg
تلكأ	neg
يقتل	neg
بفتور	neg
إبادة	neg
نرفزة شديدة	neg
يرفض	neg
المتفجع	neg
تحذيري	neg
التعديات	neg
إمرأة سليطة	neg
إلهاء	neg
حذف	neg
بإصرار	neg
إكراه	neg
وسيلة للتحايل	neg
بهتانا	neg
مبالغة شديدة	neg
إغاظة	neg
إغراء	neg
التحريض	neg
دعاية	neg
قام بالدعاية	neg
إتلاف	neg
تعطيل	neg
العدوى	neg
عدوى	neg
باسراف	neg
بإفراط	neg
المضايقات	neg
إزعاج	neg
إزالة	neg
إدانة	neg
استنكارات	neg
إطفاء	neg
تشويش	neg
إنذار	neg
التراجع	neg
إحباطا	neg
خيبات الأمل	neg
خيبة أمل	neg
مخيب للآمال	neg
هزيمة	neg
بشكل فادح	neg
جبري	neg
جبريا	neg
تحرش	neg
المخاوف	neg
أقام دعوة	neg
التباسات	neg
شيطان	neg
شيطانيا	neg
منفى	neg
إلغاء	neg
إحباط	neg
منخس	neg
محو	neg
على نحو مبتذل	neg
الفحش	neg
الفسوق	neg
فسوق	neg
الفاسق	neg
فاسق	neg
الفاسقات	neg
بشكل فاسق	neg
الرفض	neg
مواطن الخلل	neg
فرض	neg
مجنون	neg
هوس	neg
نحيل	neg
ضعف	neg
هرب	neg
هذر	neg
الاهتزاز	neg
اهتزاز	neg
خرف	neg
هجوم	neg
عيب	neg
هجا	neg
انهزامي	neg
انحطاط	neg
نهب	neg
تضاؤل	neg
ارتدادي	neg
قصف	neg
تحطمت	neg
تتحطم	neg
نفر	neg
احتج	neg
انسداد	neg
هدام	neg
سقوط	neg
نكر	neg
انقطاع	neg
الخيبة	neg
قلل	neg
خسيس	neg
قليل الحظ	neg
نقص	neg
انطلق	neg
هدم	neg
استسلم	neg
عدم الترابط	neg
قطع	neg
توقف	neg
نفاق	neg
انخفاض	neg
نهم	neg
داع	neg
صداع	neg
شقا	neg
انشقاق	neg
شقاق	neg
صدع	neg
صد	neg
خرق	neg
شق	neg
مزق	neg
تمزق	neg
انسلاخ	neg
تراجع	neg
غادر	neg
انسحاب	neg
اندلاع	neg
انبعث	neg
خفض	neg
رخص الثمن	neg
بدين	neg
تدهور	neg
يتدلى	neg
انهيار	neg
انحلال	neg
تفسخ	neg
لؤم	neg
شذوذ	neg
الشذوذ	neg
انحدار	neg
اعتداء	neg
انتهاكات	neg
الاعتداء	neg
انتقامي	neg
ثأري	neg
إهانة	neg
تورم	neg
تضخم	neg
تطاير	neg
نوح	neg
نبذ	neg
روع	neg
مروع	neg
حادث	neg
حاد	neg
طمس	neg
حرم	neg
عصى	neg
امتص	neg
انتزع	neg
ظلم	neg
دمر	neg
صدئ	neg
الوغد	neg
النصح	neg
الوحشية	neg
إبن زنا	neg
ضر	neg
المحتال	neg
خصم	neg
الناقد	neg
الميت	neg
وفاة	neg
الموت	neg
الإدمان	neg
المهرطق	neg
الانقلابيين	neg
المنشق	neg
الخصم	neg
المغشوشة	neg
الملكية	neg
المتآمرين	neg
المؤامرات	neg
المواجهة	neg
المذنب	neg
الرهيبه	neg
المرعب	neg
المتضرر	neg
مدان	neg
الغشاش	neg
المقلد	neg
المتفاخر	neg
المجهدة	neg
المتهرب	neg
اللعن	neg
الخمول	neg
جبان	neg
الفضلات	neg
غاز	neg
الخصومة	neg
عقبات	neg
العادم	neg
المغازل	neg
التوجيه الخاطئ	neg
إلحاق	neg
المثبط	neg
إبليس	neg
الظنون	neg
السباب	neg
التهكم	neg
الركود	neg
المحتالون	neg
غير واقعية	neg
زنزانة	neg
الغيرة	neg
الحسد	neg
الاستقطاب	neg
تشددا	neg
الادعاءات	neg
التهاب	neg
قرحة	neg
تأجيج	neg
التشدق	neg
العناد	neg
التجمد	neg
شك	neg
اشتبه	neg
البخيل	neg
البائس	neg
الأعجب	neg
هستيري	neg
هستيريا	neg
هستيرية	neg
الأرق	neg
الحضيض	neg
المغفل	neg
عذاباته	neg
نزيه	neg
اغتم	neg
تقييد	neg
منحط	neg
قرع	neg
قتل	neg
كذب	neg
نميمة	neg
فساد	neg
تبجح	neg
وشى	neg
الأفعوانية	neg
الملتوية	neg
ملتويا	neg
هجر	neg
عرج	neg
عتم	neg
اعتقال	neg
احتجاج	neg
اعتراض	neg
احتجاجا	neg
احتجاجات	neg
دفاعي	neg
سوء رعاية	neg
كشف	neg
ظلام	neg
بالغ	neg
مبالغة	neg
بال	neg
اضطهاد	neg
طغيان	neg
الاضطرابات	neg
الهلع	neg
اصطاد	neg
باشمئزاز	neg
بالاشمئزاز	neg
وهج	neg
صعوبة	neg
صلابة	neg
تعقيد	neg
عبوس	neg
بؤس	neg
شكا	neg
اشتباه	neg
الشكوك	neg
اشتباك	neg
بشك	neg
حبس	neg
مناشدات	neg
استياء	neg
الاستياء	neg
تستنفد	neg
يسخر	neg
هزء	neg
تنكر	neg
استنكر	neg
علامة إستهجان	neg
ركد	neg
المتسربين	neg
ينزف	neg
إنهاك	neg
استبد	neg
استبداد	neg
استقال	neg
المحرضين	neg
التسول	neg
تسول	neg
تسرع	neg
استعباد	neg
ازدرى	neg
إخضاع	neg
الاسترداد	neg
احتقر	neg
إقصاء	neg
استخف	neg
ستار	neg
شمولي	neg
مستبد	neg
اجتث	neg
زورا	neg
ضيق	neg
مضايقات	neg
المنافقين	neg
النفاق	neg
منافق	neg
ازدراء	neg
الإحتقار	neg
حيد	neg
تشنج	neg
إصابة	neg
تخبط	neg
ضرب	neg
ادعاء	neg
مقاضاة	neg
نادرا	neg
دحض	neg
مذنب	neg
مجرم	neg
تفريغ	neg
ضل	neg
خزن	neg
خزان	neg
عاتب	neg
القسوة	neg
الشدة	neg
قسوة	neg
فوضى	neg
افتراء	neg
افترائي	neg
مخالفة	neg
غير مطابقة	neg
سرقة	neg
هزة	neg
رجفة	neg
خداع	neg
الإختراق	neg
جنون	neg
كشر	neg
فزع	neg
شجب	neg
حرق	neg
بمكر	neg
احتكاك	neg
ازدرائي	neg
بازدراء	neg
إذلال	neg
وحيد	neg
صراخ	neg
احتقان	neg
الحيرة	neg
اجهاد	neg
فخ	neg
صياح	neg
نفور	neg
تضاد	neg
رغم	neg
توهج	neg
اتهم	neg
استنكار	neg
هلك	neg
تلف	neg
فسد	neg
هلاك	neg
تطفل	neg
صدفة	neg
بشدة	neg
تعب	neg
المواقف	neg
كره	neg
ذم	neg
طرد	neg
طرح	neg
هدر	neg
ابشع	neg
احتقار	neg
كلام فارغ	neg
تدمير	neg
ابتداعي	neg
احداث تشويش	neg
استعراض العضلات	neg
الإذلال الذاتي	neg
الإفراط في التقييم	neg
الإفراط في المتوازنة	neg
الإفراط في تصرف	neg
الإفراط في رهبة	neg
الإمبريالية	neg
الأحادية	neg
الأعراض	neg
الأقل نموا	neg
الأكثر تضررا	neg
البطة العرجاء	neg
البلداء	neg
البلطجة	neg
التجاعيد	neg
التحريفات	neg
التحوط	neg
التذبذب	neg
التشابك	neg
التصرفات العدائية	neg
التعتعة	neg
التعددية القطبية	neg
التفاهه	neg
الجروح	neg
الحزبية	neg
الدقات	neg
الرغبة في الانتقام.	neg
السذاجة	neg
السياط	neg
الشائعات المروعة	neg
الشرير	neg
الشكاوى	neg
الصدمة	neg
الصراعات	neg
الصورة النمطية	neg
الصئيل	neg
الضعيفة	neg
الطعجات	neg
العاق	neg
العبيد	neg
العشوائية	neg
الغازية	neg
الغاصب	neg
القحبة	neg
القهري	neg
الكارب	neg
الكفار	neg
اللعنة	neg
اللفات	neg
الله فظيعة	neg
المتسلل	neg
المحسوبية	neg
المخالفين	neg
المذبوحة	neg
المرتبة الثانية	neg
المسرحين	neg
المسوخ	neg
المصلحة الذاتية	neg
المطلق صوتا	neg
المطمئنين	neg
المظالم	neg
المفارقات	neg
المفاهيم الخاطئة	neg
المقلقة	neg
النقاد	neg
النمطية	neg
الهف	neg
الهمج	neg
الوظائف قتل	neg
انتحار	neg
انتحاري	neg
انخفاض تقييما	neg
انقلاب ذاتي	neg
إحراج	neg
إساءة استخدام	neg
إضعاف	neg
إطلاق العنان	neg
إغتصب سلطة	neg
إفراط في التصغير	neg
أثار أعصابه	neg
أحادي القطب	neg
أحد طبعا	neg
أخطأ في الحساب أو التقدير	neg
أساء التفسير	neg
أساء الفهم	neg
أصغر من الحجم العادي	neg
أعراض	neg
أعطى أهمية كبيرة	neg
أعلى الثقيلة	neg
أفطس	neg
أفقرت	neg
أقبح	neg
أقسى	neg
أقل شهرة	neg
أكبر من المعتاد	neg
أكثر إخافة	neg
أكثر من لفقت	neg
ألعاب بهلوانية بارعة	neg
بتعاسة	neg
بسذاجة	neg
بشكل عشوائي	neg
بشكوك	neg
بلا رحمة	neg
بلا ضمير	neg
تتنكر	neg
تتهادى	neg
تحدث بحماسة	neg
تداعيات	neg
تستنكف	neg
تشتعل	neg
تصيد الأخطاء	neg
تعاني	neg
تعوزه الفضيلة	neg
تغلي	neg
تفتقر	neg
تكتسح	neg
تلتهم	neg
تنتابهم	neg
تنتهج	neg
تهافت	neg
تهتز	neg
توصف	neg
ثانوية	neg
جذوعها	neg
جنون العظمة	neg
حكم مسبقا	neg
خنثى	neg
خياني	neg
دعوى قضائية ضد	neg
دون المستوى	neg
دون أن يلاحظها أحد	neg
ذاتي التدمير	neg
رخوي	neg
رفض بازدراء	neg
رهينة	neg
سارعت	neg
ساغي	neg
سوء استخدام	neg
سوء السمعة	neg
سوء المحيا	neg
سوء تصميم	neg
سوء مصنفة	neg
شبه متخلف	neg
شريرة	neg
شيطنة	neg
صفعة على الكفل	neg
ضد السقوط	neg
طويل وضامر	neg
عاثت	neg
عاجز عن إحداث	neg
عالي الكعب	neg
عالية الثمن	neg
عانت	neg
عدم ثقة بالنفس	neg
عقب السيجارة	neg
عقمه	neg
على نحو إجرامي	neg
عملاء	neg
غير الثقة	neg
فور ملهبا	neg
في ظروف غامضة	neg
قراءة خاطئة	neg
قصر النظر	neg
كبش الفداء	neg
لخدمة مصالح ذاتية	neg
ماتي	neg
مبلى	neg
متسللين	neg
متشنج	neg
متعذر التطبيق	neg
متفاوت	neg
متنازل	neg
متواطئة	neg
متوخز	neg
مثار	neg
مثل بصورة مبالغ فيها	neg
مثير للغثيان	neg
مثيرة للقلق	neg
محاباة الأقارب	neg
محكوم	neg
مخيفة	neg
مذكرات الاستدعاء	neg
مريض بجنون العظمة	neg
مستغرق وقتا طويلا	neg
مسكون بالارواح	neg
مضجوج	neg
مظلل	neg
معدوم	neg
مفسد البهجة	neg
مكلفة	neg
ملىء بالقمامة	neg
من الدرجة الثانية	neg
من الصعب إرضاءه	neg
من تهوره	neg
منذ فترة طويلة	neg
مهددة للحياة	neg
نخز ودفع	neg
نزعة الانتقام	neg
نسيء	neg
نفطة	neg
نقاط الضعف	neg
نقطة الصفر	neg
هجوما عنيفا	neg
هزيمة ذاتية	neg
هشا	neg
هياكل عظمية	neg
وصمة عار	neg
ومن المفارقات	neg
يبعث على السخرية	neg
يتقاضون أجورا	neg
يتيم	neg
يدعو إلى الرثاء	neg
يرثى له	neg
يساء فهمه	neg
يستأسد	neg
يسرق	neg
يسفسف	neg
يسيئون	neg
يشوبه	neg
يعانون	neg
يعاني	neg
يفتقر	neg
يقاضي	neg
يلحق	neg
يلوث	neg
يمس	neg
ينتن	neg
ينطلق	neg
يهتز	neg
يهون	neg
يؤكد	neg
التي لا ترحم	neg
بشكل غير طبيعي	neg
بشكل غير عادل	neg
بلا إثبات	neg
بلا حب	neg
بلا حول ولا قوة	neg
دون هوادة	neg
عدم التوافق	neg
عدم الثبات	neg
عدم موثوقية	neg
غير اقتصادية	neg
غير الضرورية	neg
غير المبررة	neg
غير المستدامة	neg
غير الممولة	neg
غير المنضبط	neg
غير المهرة	neg
غير المؤمن عليهم	neg
غير داعمة	neg
غير دستوري	neg
غير ذات صلة	neg
غير راغبة	neg
غير شعبي	neg
غير صالحة للاستعمال	neg
غير قابل للإلغاء	neg
غير قابل للقراءة	neg
غير قابلة للتحصيل	neg
غير قابلة للتحقيق	neg
غير قادرة على المنافسة	neg
غير متاح	neg
غير متأكد	neg
غير متعاون	neg
غير متوافق	neg
غير مثبتة	neg
غير محلها	neg
غير مربح	neg
غير مرخصة	neg
غير مساعد	neg
غير معتمد	neg
غير مقنع للعقل	neg
غير منحل	neg
غير موثوق	neg
غير موثوق به	neg
غير وقور	neg
لا أساس لها من الصحة	neg
لا تستجيب	neg
لا تعوض	neg
لا عزاء له	neg
لا فهم	neg
لا يحملون وثائق	neg
لا يفكر به	neg
لا يقاس	neg
لا يمكن التنبؤ به	neg
لا يمكن الدفاع عنها	neg
لا يمكن الوصول	neg
لا يمكن إصلاحه	neg
لا يمكن تجنبه	neg
لا يمكن تحمله	neg
لا يمكن تصورها	neg
لم تتحقق	neg
لم تختبر	neg
لم تنته	neg
لم يتم حلها	neg
لم يمسها	neg
متعذر حله	neg
معتذر كبحه	neg
من غير المحتمل	neg
استبدادي	neg
استنزاف	neg
اعتباطي	neg
الاعمال الوحشية	neg
الأوجاع	neg
التجريح	neg
التجريد من الإنسانية	neg
الجانب السلبي	neg
الحدة	neg
الحزانى	neg
الحساسية	neg
الطعن	neg
اللاذعة	neg
المتنازع عليها	neg
المثبط للهمم	neg
المستبد	neg
النهاية هزلية	neg
الهبوطية	neg
الهجمات	neg
انتحل	neg
إبادة جماعية	neg
إبتعد عن	neg
إرباك	neg
إلى حد بعيد	neg
إلى حد مربك	neg
إنغمس في	neg
أبو وجهين	neg
أثار سخطه	neg
أغبى	neg
أفشى من غير تفكير	neg
أكثر تكلفة	neg
أوجه القصور	neg
آكل لحم البشر	neg
بارتياب	neg
بثمن بخس	neg
بجرأة	neg
بحزن شديد	neg
بربرة	neg
بشكل سيئ	neg
بشكل لا يطاق	neg
بشكل محموم	neg
بشكل مخيف	neg
بشكل مروع	neg
بشكل مزعج	neg
بشكل يائس	neg
بصورة حادة	neg
بعيد الإحتمال	neg
بعيد المنال	neg
بغباء	neg
بغرور	neg
بقسوة شديدة	neg
بقلة احترام	neg
بلاه	neg
تثير الارتباك	neg
تجاهل	neg
تجفيف	neg
تحرير من الوهم	neg
تحسر على	neg
تسمر الشعر	neg
تشويه صورة	neg
تعبير ساخر	neg
تعرض للخطر	neg
تعصب أعمى	neg
توقف فجأة	neg
ثبط العزيمة	neg
ثبط الهمة	neg
جدلي	neg
جدير باللعنة	neg
جرد من الملكية	neg
حالة طوارئ	neg
حزن على	neg
حساسي	neg
حساسية	neg
حط من قدر	neg
خجلان	neg
خدمة سيئة	neg
خطبة لاذعة	neg
خيبة الأمل	neg
رجل عصابة	neg
رجل غريب	neg
رئيس صوري	neg
زعزعة الاستقرار	neg
سحق	neg
سفك الدماء	neg
سلقها	neg
سلوك شيطانى	neg
سيء السمعة	neg
شخص جبان	neg
شديد الحساسية	neg
شوه سمعة	neg
شىء ضبابي	neg
صام للأذن	neg
صرف الانتباه	neg
ظهور تقرحات	neg
عدم وضوح	neg
على نحو سخيف	neg
على نحو مهلك	neg
عمل روتيني	neg
غريب الأطوار	neg
غسل أدمغة	neg
غير لبق	neg
فاشل	neg
قاسي القلب	neg
قضم	neg
قليل الاحترام للآخرين	neg
كثير النسيان	neg
كدمات	neg
لا يسبر غوره	neg
مادة كاوية	neg
مادة متفجرة	neg
متخلف عقليا	neg
متعطش للدم	neg
مثير للاشمئزاز	neg
مثير للحنق	neg
محاولة تزوير	neg
محزر	neg
مخاوف	neg
مخل بالنظام	neg
مدمني	neg
مرتبك	neg
مسبب للخلاف	neg
مستحق اللوم	neg
مشكوك فيه	neg
مصاب بالدوار	neg
مصاب بدوار	neg
مصاب بفقر الدم	neg
مضنية	neg
مقاطعة	neg
مهاجمة	neg
مولع بالقتال	neg
مومس	neg
نتائج عكسية	neg
نزع الاحشاء	neg
نظرة ساخرة	neg
هاجم بعنف	neg
هبوط بالمستوى	neg
هرج ومرج	neg
هزلية ولكن في ذات الاستفزازية	neg
وإذ تعرب عن استيائها	neg
وتتهم	neg
وقع في الشرك	neg
يزعج	neg
يغتب	neg
ينذر بالخطر	neg
ينضب	neg
بلا هدف	neg
بينما لم يعجب	neg
دون جدوى	neg
عامل غير بارع	neg
عدم احترام	neg
عدم ثقة	neg
عديم الأمانة	neg
غير أمين	neg
غير ضروري	neg
غير طبيعي	neg
غير متناسب	neg
غير مثمر	neg
غير مرض	neg
غير منظم	neg
لا أساس له	neg
لا مبالي	neg
ولد غير شرعي	neg
كاشط	neg
بصق	neg
السخف	neg
ذريعا	neg
يقظة	pos
ولاء	pos
محام	pos
لطيف	pos
إخلاص شديد	pos
جميل	pos
جهد	pos
ودي	pos
أخوي	pos
وحدة	pos
كاف	pos
واضح	pos
هيبة	pos
نسيم	pos
هائل	pos
هاجس	pos
ربوة	pos
مثالي	pos
نموذج	pos
تلذذ	pos
لطيفة	pos
عفيف	pos
نظافة	pos
لا يقدر بثمن	pos
لا عيب فيه	pos
نظيف	pos
انتعاش	pos
فعالية	pos
غير متحيز	pos
رشاقة	pos
النبيل	pos
مفيد	pos
ناعم	pos
أملس	pos
ناضج	pos
رقيق	pos
ناجح	pos
مبسط	pos
جدارة	pos
مؤيد	pos
عابد	pos
مؤدب	pos
مؤثر	pos
أنيس	pos
موهوب	pos
موفق	pos
هادف	pos
رفرفة	pos
موثوق	pos
مهيب	pos
احتفال	pos
مهارة	pos
موهبة	pos
منيع	pos
منور	pos
منقطع النظير	pos
منقذ	pos
منظم	pos
منظف	pos
مشدوه	pos
معجب	pos
مندمج	pos
منح	pos
مكمل	pos
منتصر	pos
منتصرا	pos
منتج	pos
منتبه	pos
مؤات	pos
ملائم	pos
لائق	pos
مريح	pos
لحسن الحظ	pos
متقد	pos
مسموع	pos
ممجد	pos
غزير	pos
زاخر	pos
ممتع	pos
ممتاز	pos
ملموس	pos
ملكي	pos
موافقة	pos
مقروء	pos
متعهد	pos
مفهوم	pos
مفعم بالحيوية	pos
قوي	pos
مغرم	pos
مغذ	pos
روحي	pos
مقبول	pos
معصوم	pos
معروف	pos
ألفة	pos
مندهش	pos
معافى	pos
ناجي	pos
مع الشكر	pos
مطلق	pos
مضياف	pos
فوائد	pos
مصلحة	pos
مصقول	pos
مشهور	pos
مشع	pos
مشرف	pos
مسل	pos
مسلي	pos
مستقل	pos
متوازن	pos
مستحق	pos
غير معادي	pos
مساعدة	pos
وردي	pos
نشيد	pos
مزدهر	pos
ليونة	pos
مرونة	pos
مطواع	pos
قابل للتكيف	pos
مرن	pos
مرمم	pos
مرغوب فيه	pos
مرح	pos
واحة	pos
مربح	pos
مدوخ	pos
مدمج	pos
مدروس	pos
مدخرات	pos
زكى	pos
مخلص	pos
متنوع	pos
مبتكر	pos
مفضل	pos
محسن	pos
مطيع للقانون	pos
محترم	pos
محبوب	pos
عاشق	pos
منصف	pos
مجد	pos
سيادة	pos
كياسة	pos
قدوة	pos
اجتهاد	pos
مثابرة	pos
شديد التدقيق	pos
متزلف	pos
متواضع	pos
المحمول	pos
متناغم	pos
منسجما مع	pos
متميز	pos
متماسك	pos
لامعة	pos
قابل للتعديل	pos
متكامل	pos
متطور	pos
متفائل	pos
مشجع	pos
واعد	pos
متعلم	pos
متعدد الجوانب	pos
متجاوب	pos
تنافسي	pos
متألق	pos
متاح	pos
مبهج	pos
ميمون	pos
مبدع	pos
مسرور	pos
سعي	pos
باستقامة	pos
حاذق	pos
بارع	pos
متبل	pos
سهل	pos
ود	pos
لطافة	pos
حق	pos
لا يقاوم	pos
لا يعرف الخوف	pos
لا يرقى إليه الشك	pos
غير محدود	pos
لا مثيل له	pos
بشكل لا لبس فيه	pos
لا لبس فيه	pos
أساسي	pos
لا بديل له	pos
لا تنتهك حرمته	pos
في حينه	pos
كلاسيكي	pos
من الطراز الأول	pos
احتفل	pos
وافر	pos
خصب	pos
وفرة	pos
كافأ	pos
مناسب	pos
ثقف	pos
أهمية	pos
قيادة	pos
وطني	pos
تغلب	pos
انتصار	pos
عظمة	pos
عظم	pos
جدي	pos
شرعي	pos
قانوني	pos
قادر على	pos
فورا	pos
المرح	pos
بثقة	pos
فعال	pos
ذكي	pos
فسيح	pos
لا نظير له	pos
فردية	pos
جذلا	pos
جذلان	pos
فداء	pos
فجر	pos
زيادة	pos
فاقه دهاء وحيلة	pos
فخم	pos
مثير	pos
غير مؤلم	pos
غير مقيد	pos
غير مضر	pos
غير مرتبط	pos
غير متأثر	pos
غير ضار	pos
غير أناني	pos
مكاسب	pos
إثراء	pos
قمة	pos
حر	pos
رد	pos
حي	pos
سرور	pos
فرح	pos
بهج	pos
عناق	pos
عن طيب خاطر	pos
عمليا	pos
عملي	pos
بذكاء	pos
على نحو سليم	pos
لافت للنظر	pos
على نحو جميل	pos
علاقة	pos
عقلاني	pos
منطقي	pos
معقول	pos
تعقل	pos
عفو	pos
غفران	pos
تعزية	pos
واسع	pos
مفاتحة	pos
عذوبة	pos
صبر	pos
أسرع	pos
عبقرية	pos
عبق	pos
مترف	pos
عاطفي	pos
حساس	pos
بارز	pos
حلو	pos
لذيذ	pos
ترف	pos
رفع	pos
سلاسة	pos
نكهة	pos
حكيم	pos
طاهر	pos
ضمان	pos
تأمين	pos
باسم	pos
هتاف	pos
تهدئة	pos
صفقة	pos
صفاء	pos
وضوح	pos
مصداقية	pos
إخلاص	pos
صحي	pos
تحمل	pos
صامت	pos
حاسم	pos
شهم	pos
شهامة	pos
شاف	pos
شفاف	pos
إحساس	pos
شعبي	pos
وسام	pos
توضيح	pos
شخصية	pos
جرأ	pos
شجاعة	pos
حمس	pos
مغامر	pos
تثبت	pos
شاكر	pos
سيطر	pos
سيد	pos
سهل جدا	pos
سمعة	pos
سمة مميزة	pos
ميزة	pos
سماوي	pos
سليم	pos
سلى	pos
سلمي	pos
سلام	pos
أمانة	pos
متعة	pos
سعيد	pos
مبتهج	pos
قدرة	pos
سطع	pos
خفة	pos
نخبة	pos
عميق	pos
سحري	pos
جاذبية	pos
مهم	pos
متقدم	pos
ساعد	pos
متوهج	pos
متلألئ	pos
مشرق	pos
مضيء	pos
بهيج	pos
دافئ	pos
ساحرة	pos
ساحر	pos
علاوة	pos
زهر	pos
سريع	pos
وقر	pos
زمالة	pos
راغب	pos
رياضي	pos
حنون	pos
رومانسي	pos
روعة	pos
هام	pos
رفاهية	pos
بحبوحة	pos
بارك	pos
أسعد	pos
غير مكلف	pos
أجاز	pos
رحيم	pos
رحمة	pos
داعمة	pos
راحة	pos
رابط الجأش	pos
وحي	pos
ذو معنى	pos
ذهبي	pos
مذكر	pos
ذروة	pos
ديناميكي	pos
دون شروط	pos
برقة	pos
دهشة	pos
دهش	pos
سعة الحيلة	pos
دقيق	pos
دقة	pos
مكافأة	pos
تأييد	pos
أيد	pos
دعم	pos
فكاهة	pos
دبلوماسي	pos
داهن	pos
خيري	pos
حالم	pos
إبداعي	pos
بديع	pos
خفف	pos
هام جدا	pos
جدية	pos
طريف	pos
خصيب	pos
مثمر	pos
بركة	pos
راض	pos
مميز	pos
حماس	pos
حيوي	pos
حيوية	pos
حماية	pos
نابض بالحياة	pos
حميم	pos
المعرفة	pos
شكر	pos
رعاية	pos
حلاوة	pos
جائز	pos
مقتصد	pos
حقيقي	pos
واقعي	pos
أصلي	pos
حفز	pos
حصافة	pos
حكمة	pos
حسن السمعة	pos
حسن الاطلاع	pos
متحمس	pos
حرية	pos
قداسة	pos
حرص	pos
دفء	pos
جديد	pos
متجدد	pos
حدسي	pos
حسم	pos
فصيح	pos
فطنة	pos
دفع	pos
حث	pos
محب	pos
حبيبة	pos
سعادة	pos
حنان	pos
زاخر بالأحداث	pos
المثير	pos
جيد	pos
صالح	pos
سهولة	pos
كريم	pos
سخي	pos
وسيم	pos
رائع	pos
توفيق	pos
جليل	pos
جلالة	pos
جائزة	pos
جرأة	pos
جذب	pos
مغري	pos
جدير بالملاحظة	pos
جدير بالتقدير	pos
منعش	pos
نعمة	pos
طموح	pos
مؤكد	pos
مجتهد	pos
تزكية	pos
ثمين	pos
ثراء	pos
استقرار	pos
صمود	pos
ثوري	pos
مستقر	pos
متفوق	pos
تفوق	pos
حازم	pos
قيم	pos
ثابت	pos
حماسة	pos
نجح	pos
نجاح	pos
توصية	pos
ورع	pos
تودد	pos
توجيه	pos
توافق	pos
وئام	pos
تيسير	pos
ترفيه	pos
تنشيط	pos
قديس	pos
بصيرة	pos
تميز	pos
أصالة	pos
تمهيد	pos
تزلف	pos
تمكين	pos
نشيط	pos
مدحي	pos
تمجيد	pos
مجيد	pos
تأليه	pos
كمال	pos
بإنصاف	pos
بإتقان	pos
صقل	pos
تلبية	pos
سارة	pos
كنز	pos
تكملة	pos
كسب	pos
كثف	pos
تكاثر	pos
جدير بالثناء	pos
تقوى	pos
تقدير	pos
ترقية	pos
براعة	pos
تفضل	pos
تبجيل	pos
كبير	pos
غنى	pos
تغذية	pos
التزام	pos
تمجد	pos
تعزيز	pos
ناغم	pos
تنوير	pos
دعا	pos
تصويري	pos
تصفيق	pos
تصديق	pos
إصلاح	pos
تشكيلة	pos
تماسك	pos
تخصيب	pos
عادل	pos
تصالح	pos
علاج	pos
تشجيع	pos
تذكاري	pos
عاقل	pos
خفيف	pos
تخفيف	pos
يثبت	pos
ترحيب	pos
رائعة	pos
تحفة	pos
سار	pos
تحسين	pos
تحسن	pos
تحديث	pos
تدارك	pos
تجدد	pos
تجديد	pos
تألق	pos
أضاء	pos
توكيد	pos
نفوذ	pos
تأثير	pos
استعداد	pos
بلاغة	pos
بولع	pos
بترف	pos
بوضوح	pos
بلطف	pos
بنجاح	pos
بنبل	pos
بابتهاج	pos
بمتعة	pos
بليغ	pos
بعذوبة	pos
بلا ضجة	pos
بلا جدال	pos
بكل صراحة	pos
بسلاسة	pos
توق	pos
بوفرة	pos
بعناية	pos
بعقلانية	pos
بظرافة	pos
بطل	pos
بطولي	pos
عمل	pos
سلميا	pos
بريق	pos
كما ينبغي	pos
بصورة إيجابية	pos
بإخلاص	pos
بصدق	pos
إنساني	pos
لطف	pos
بسهولة	pos
بسماحة	pos
بسلام	pos
بسعادة	pos
استقام	pos
برئ	pos
ملائكي	pos
بمرح	pos
تلمع	pos
لمعان	pos
فضيلة	pos
برشاقة	pos
لامع	pos
شفاء	pos
صدق	pos
صادق	pos
خير	pos
سرعة	pos
حريص	pos
محظوظ	pos
مغر	pos
بحرارة	pos
بحماسة	pos
بحق	pos
بجد	pos
بكفاءة	pos
باستحقاق	pos
بجل	pos
على نحو موثوق	pos
بثبات	pos
بأناة	pos
بأمانة	pos
باهر	pos
على وجه التحديد	pos
بإسهاب	pos
بالتساوي	pos
بالعدل	pos
من غير ريب	pos
داهية	pos
متهلل	pos
فاخر	pos
باحترام	pos
آمن	pos
آسر	pos
خلاب	pos
آداب	pos
أول	pos
رشيق	pos
أنيق	pos
مؤنس	pos
أناقة	pos
أنار	pos
ألهم	pos
أرق	pos
طمأن	pos
أكد	pos
جزم	pos
أكبر	pos
أعظم	pos
أفضل	pos
أعمال	pos
أعلى	pos
معجز	pos
أعجوبة	pos
معجزة	pos
أذكى	pos
أشبع	pos
استمتع	pos
أسطوري	pos
أخلاقية	pos
أخلاقي	pos
جذاب	pos
مدهش	pos
فاتن	pos
أحيا	pos
تحمس	pos
أثار	pos
أبدي	pos
إيمان	pos
إيجابي	pos
إلهي	pos
إلهام	pos
إعفاء	pos
إعجاب	pos
إعادة الطمأنينة	pos
إشعاع	pos
إشباع	pos
إزهار	pos
نهضة	pos
عاطفة	pos
إحترام الذات	pos
تأكيد	pos
إنجاز	pos
تحقيق	pos
عذب	pos
ثورة	pos
بقوة	pos
جدا	pos
حظ	pos
أبرئ	pos
خلص	pos
نقي	pos
تواضع	pos
ثروة	pos
نضج	pos
عدل	pos
انفتاح	pos
تدفق	pos
انتعش	pos
ابتهج	pos
انتصاري	pos
فوز	pos
يسر	pos
تحيي	pos
فاضل	pos
متسامح	pos
امتياز	pos
مدح	pos
الوطني	pos
النعيم	pos
ذكاء	pos
المعبود	pos
مسؤول	pos
جدير بالثقة	pos
المثالي	pos
عمق	pos
صداقة	pos
الفائز	pos
هدوء	pos
صحة	pos
شهرة	pos
الرائد	pos
الجنة	pos
الجمال	pos
التفوق	pos
التحم	pos
الأنيق	pos
الدماثة	pos
الأمثل	pos
الإثارة	pos
الانسجام	pos
الألفة	pos
اقتصادي	pos
سكن	pos
حب	pos
نشوة	pos
صلاح	pos
ثري	pos
طهر	pos
خاصة	pos
اعتبار	pos
مراعاة	pos
تحرير	pos
صريح	pos
حرر	pos
تهلل	pos
كرم	pos
طرى	pos
استئناف	pos
ولع	pos
استعادة	pos
إحياء	pos
استثنائي	pos
استبدال	pos
ازدهار	pos
تكريم	pos
رضا	pos
مثل	pos
فضل	pos
وعد	pos
حديث	pos
اختراق	pos
احتفالي	pos
احتضان	pos
إجلال	pos
عظيم	pos
احترام	pos
توقير	pos
احترم	pos
جذل	pos
قيمة	pos
تضامن	pos
اتزان	pos
تقدم	pos
بقاء	pos
ثبات	pos
ابتهاج	pos
ابتسامة	pos
ابتكار	pos
أنظف	pos
أوسم	pos
أوضح	pos
أيدت	pos
باقتدار	pos
بالامتنان	pos
بالتبصر	pos
بالتزكية	pos
بالغ التهذيب	pos
بإعجاب	pos
بأجر	pos
بأسعار معقولة	pos
بأعجوبة	pos
ببراعة	pos
ببسالة	pos
ببطولة	pos
ببلاغة	pos
بتقدير	pos
بتوقد	pos
بحكمة	pos
بحماس	pos
بخبرة	pos
بخفة دم	pos
برحابة صدر	pos
بسخاء	pos
بسعادة غامرة	pos
بشكل رائع	pos
بشكل قانوني	pos
بشكل مثير للإعجاب	pos
بشكل مثير للدهشة	pos
بشكل مستقيم	pos
بشوق	pos
بصمات	pos
بصورة مثيرة	pos
بطريقة مفعمة بالنشوة	pos
بطلة	pos
بفارغ الصبر	pos
بفرح	pos
بكل سرور	pos
بلا عيب	pos
بما فيه الكفاية	pos
بنضج	pos
بهج جدا	pos
تأسر	pos
تبهر	pos
تتجاوز	pos
تتفوق	pos
تتلألأ	pos
تتمتع	pos
تجدد شبابها	pos
تحسينات	pos
تحفيز	pos
تدار إدارة جيدة	pos
تدعم	pos
تزدهر	pos
تستحق	pos
تستعد	pos
تشغيل جيدا	pos
تصرف بطريقة صحيحة	pos
تطلعات	pos
تفضيله	pos
تفوقت	pos
تقدر	pos
تقدمية	pos
توصيات	pos
تؤيد	pos
ثباتا	pos
جديرة بالاهتمام	pos
جوائز	pos
جيد الصنع	pos
حررت	pos
حسن العلاقات	pos
حسن تصرف	pos
حسنة النية	pos
حظا	pos
خالية من المشاكل	pos
خففت	pos
خلق بيئة خصبة	pos
دعاة	pos
دغدغ	pos
دغدغة	pos
دوافع	pos
دور فعال	pos
دون خوف	pos
راسخة	pos
رغبة منها	pos
روائع	pos
روح الدعابة	pos
سرعة وتيرة	pos
سريعة النمو	pos
سعيدة	pos
سمع بوضوح	pos
سنحت	pos
سهل الاستعمال	pos
سهلة الاستخدام	pos
شاعري	pos
شد العزم	pos
صالحة للاستخدام	pos
صالحة للاستعمال	pos
ضمانات	pos
طويلة الأمد	pos
عاطفية	pos
عالي الجودة	pos
عالية الجودة	pos
عجائب	pos
عصريا	pos
على التكيف	pos
على نحو فعال	pos
على وجه السرعة	pos
عمل على نحو مثالي	pos
عملت	pos
غني بالألوان	pos
فاعل خير	pos
فتعجب	pos
في الدرجة الأولى	pos
في وضع جيد يؤهلها	pos
قابل للتحقيق	pos
قابل للسحب	pos
قابل للطفو	pos
قابلة	pos
قمم	pos
قياسية	pos
كرامة	pos
كفاءة في استخدام الطاقة	pos
كلفة معقولة	pos
لا تشوبه شائبة	pos
لافت	pos
لافتة للنظر	pos
لتحقيق	pos
للعرض	pos
مبتسما	pos
مبتكرة	pos
مبتهجا	pos
مبهور	pos
متحمل	pos
متعجبا	pos
متعددة الأغراض	pos
متقبل	pos
متكيفة	pos
مثير للإعجاب	pos
مجزي	pos
محتفل	pos
مدعومة	pos
مرحى	pos
مرغوب فيه جدا	pos
مسبب	pos
مستغرق	pos
مستقبلية	pos
مضغوط	pos
مظهر جميل	pos
معاليكم	pos
مكتف ذاتيا	pos
مكرسة	pos
ملاك	pos
ملكيا	pos
ملهمة	pos
مليم	pos
منتعش	pos
منخفضة التكلفة	pos
منخفضة السعر	pos
منخفضة المخاطر	pos
منزه	pos
منمنمة	pos
مواهب	pos
موصى به	pos
ميزة الغنية	pos
نجاح باهر	pos
نجحت	pos
نعتز	pos
نقدر	pos
نوصي	pos
هاديء	pos
ورقة رابحة	pos
وعود	pos
ولاعة	pos
يبسط	pos
يتجاوز	pos
يتفوق	pos
يتفوق عليها	pos
يتمتع	pos
يثير	pos
يثير الاهتمام والفضول	pos
يحب	pos
يحسن	pos
يحفز	pos
يحقق	pos
يحلو	pos
يخفف	pos
يدعم	pos
يذهل	pos
يرجى	pos
يرضي	pos
يزكي	pos
يسلي	pos
يعتبر جيدا	pos
يعتز	pos
يعزز	pos
يعهد	pos
يفتن	pos
يفضل	pos
يفوز	pos
يكفي	pos
يمتع	pos
يمكن التحقق منها	pos
يمكن الحصول عليها	pos
يمكن الوصول إليها	pos
يمكن كسبها	pos
ينجح	pos
ينعم	pos
يوصي	pos
يومئ	pos
يؤدي	pos
بطريقة لا يشوبها خطأ	pos
بلا قيود	pos
بلا منازع	pos
خال من الأنانية	pos
خالية من الألم	pos
خالية من المتاعب	pos
خالية من المخاطر	pos
دون ألم	pos
غير العنف	pos
غير العنيفة	pos
غير معقدة	pos
لا تقبل الجدل	pos
لا تقبل المنافسة	pos
لا تقهر	pos
لا ينسى	pos
اختال	pos
ارتعش	pos
استرضائي	pos
اطمئنان	pos
التقمص العاطفي	pos
الثقة	pos
الشجاع	pos
القضية خالية	pos
المدافع	pos
المريض	pos
المشاكس	pos
الهجوم المضاد	pos
الهزائم	pos
انتقائي	pos
انفصال	pos
إسراف	pos
إسهام	pos
إطراء	pos
أروع	pos
باذخ	pos
باستمرار	pos
برد	pos
بشجاعة	pos
بشكل صحيح	pos
بناء	pos
بوق	pos
تساهل	pos
تستكمل	pos
تسلق	pos
تصادفي	pos
تصحيح	pos
تعاوني	pos
تهنئة	pos
حار	pos
حجر الزاوية	pos
خدعني	pos
دسيسة	pos
دوى	pos
راقة	pos
رجع في قراره	pos
رخيصة	pos
سبى	pos
سخونة	pos
شاطح	pos
شامل	pos
عجب	pos
عربد	pos
عهد	pos
غرامة	pos
فتن	pos
فتنة	pos
فضول	pos
فعالة من حيث التكلفة	pos
قف	pos
قلب الأسد	pos
كأس	pos
كبرياء	pos
كسف	pos
كهرب	pos
لتوفير التكاليف	pos
لعوب	pos
ماهر	pos
مبدئية	pos
متجانس روحا وطبعا	pos
متسق	pos
متوافق مع	pos
مجاني	pos
مدوية	pos
مستعبد	pos
مسحور	pos
مصادفة	pos
مصير	pos
معلقة	pos
مقنع	pos
مكرر	pos
ملاءمة	pos
مناقصة	pos
منفعل	pos
مهذب	pos
مهزوم	pos
موجز	pos
ناري	pos
هجمات مضادة	pos
هنأ	pos
هين	pos
واثق	pos
ورغبة منها	pos
يهيمن	pos
احتراما	pos
اختراقات	pos
استقبالا جيدا	pos
اقبال	pos
الابتسامات	pos
الابطال	pos
الاحترام	pos
الاخلاص	pos
الاستدامة	pos
الاشارة	pos
الاعجاب	pos
الاكتفاء الذاتي	pos
الإصلاحات	pos
الإعجاز	pos
الإنجازات	pos
الإيجابيات	pos
الأحاسيس	pos
الأعاجيب	pos
الأفضل أداء	pos
الأكثر مبيعا	pos
الأوسمة	pos
الأول في فئتها	pos
البارز	pos
البهيجة	pos
التأكيد مجددا	pos
التأهل	pos
التحبيب	pos
التحكم	pos
التعاطف	pos
التعويض	pos
التفاؤل	pos
التكلف	pos
الثابت	pos
الحريات	pos
الحمد لله	pos
الحميم	pos
الذهب	pos
الراقي	pos
الرفاهية	pos
الرقي	pos
السلس	pos
الشهيرة	pos
الشهيرة على مستوى العالم	pos
الصوت العربي الحر	pos
الطازجة	pos
العبقري	pos
العجايبي	pos
العريقة	pos
العشق	pos
العصرية	pos
العناية الإلهية	pos
الفائزين	pos
الفخامة	pos
الفيض	pos
القدرات الكبيرة	pos
الكاريزمية	pos
المتنورين	pos
المثابرة	pos
المثالية	pos
المدخر	pos
المدللة	pos
المرموقة	pos
المزايا	pos
المزدهر	pos
المستدامة	pos
المستفيد	pos
المستوجبة	pos
المشاركة	pos
المشجعين	pos
المشهود	pos
المصالح	pos
المعجزات	pos
المعروفة	pos
المعشوق	pos
المفاجئة	pos
المقدس	pos
المقدسة	pos
المكافآت	pos
المكتسبة	pos
الملهم	pos
الممتازة	pos
المنال	pos
المناورة	pos
المنتصر	pos
المنقذ	pos
المهنئين	pos
الموافقة	pos
المودة	pos
الموضوعية	pos
الموفرة للطاقة	pos
المؤثر في	pos
المؤهلين	pos
النجاح المؤكد	pos
النجاحات	pos
النسخ	pos
الهواجس	pos
الواجهة	pos
انبهار	pos
ايجابيات	pos
إبهار	pos
إرضاء الذات	pos
إعادة هيكلة	pos
إلهيا	pos
أبرع	pos
أبسط	pos
أبهج	pos
أجمل	pos
أحب	pos
أذهل	pos
أرفع	pos
أسرع نموا	pos
أسلس	pos
أسهل	pos
أصبح جميلا	pos
أعجب	pos
أعذب	pos
أعشق	pos
أعلى درجة	pos
أفضل المعروف	pos
أفضل من المتوقع	pos
أقوى	pos
أكثر إشراقا	pos
أكثر ثباتا	pos
أكثر حزما	pos
أكثر حظا	pos
أكثر صرامة	pos
أكثر صلابة	pos
أكثر فائدة	pos
أكثر هدوءا	pos
ألطف	pos
ألمع	pos
غير حقيقي	pos
